id,value
actlikeyoubelong,1
adviceanimals,31
agentcarter,1
alternativeart,1
amifreetogo,6
android,64
androidapps,6
androidquestions,4
announcements,1
answers,2
anythinggoespics,2
askmen,1
askreddit,384
atheism,2
aww,5
backtothefuture,2
bad_cop_no_donut,17
bannedfromthe_donald,1
baseball,2
beamazed,1
beer,14
beerporn,11
beforesandafters,1
behindthegifs,1
bicycletouring,1
bicycling,1
blackfriday,1
blackout2015,3
blunderyears,2
bravesgifs,1
breakingbad,9
buyitforlife,2
c25k,2
calvinandhobbes,1
catsstandingup,1
celebs,10
cfb,1
chrome,2
chromecast,1
cinemagraphs,1
cloververse,3
collegesluts,1
colorizedhistory,3
columbiamo,40
confession,1
coolguides,1
creepy,1
cringe,2
cringepics,2
cyberpunk,1
daddit,1
dataisbeautiful,3
dc_cinematic,3
de,1
disney,1
diwhy,1
dvdcollection,27
enoughtrumpspam,47
esist,9
expectationvsreality,4
explainlikeimfive,1
eyeshakers,1
facepalm,1
fantasyfootball,2
firetv,4
fitbit,3
fitness,1
freebies,2
freefolk,2
freeuse,1
frugal,9
frugal_jerk,2
fullmoviesonvimeo,1
funny,43
galactickarmacourt,2
galgadot,1
gameofthrones,1
getmotivated,3
gifs,22
gifsthatkeepongiving,2
gonewildstories,1
googleplaydeals,1
gradschool,2
greentext,1
hadtohurt,3
happy,1
harrypotter,1
headphones,1
hearthstone,1
highereducation,2
highqualitygifs,6
hillaryclinton,36
holdmyfries,1
holdthemoan,1
honor,1
honor7x,65
honor8,2
huawei,24
humansbeingbros,1
iama,5
iamverybadass,2
iamverysmart,1
idiotsfightingthings,1
idiotsincars,2
idontworkherelady,2
imgoingtohellforthis,2
insanepeoplefacebook,1
instant_regret,2
instantbarbarians,2
jokes,3
justiceporn,1
kachow,8
kaleycuoco,3
kansascitychiefs,74
kcroyals,238
latestagecapitalism,1
lifeprotips,3
lists,3
livestreamfail,3
loseit,13
mademesmile,2
madlads,1
madmen,14
makeupaddiction,1
mapporn,18
marchagainsttrump,1
marvel,8
marvelstudios,41
me_irl,1
mechanical_gifs,1
mensrights,1
mildlyinfuriating,2
mildlyinteresting,9
misleadingthumbnails,2
missouri,36
missouripolitics,5
mizzou,34
morbidreality,6
moviedetails,4
moviemaniahq,3
movies,28
natalieportman,2
nba,1
nevertellmetheodds,1
news,16
nexus,3
nfl,21
nofap,1
nonononoyes,1
nostalgia,1
nottheonion,1
npr,2
nsfwbullettime,1
occupywallstreet,1
oddlysatisfying,3
ofcoursethatsathing,2
oldschoolcool,2
olympics,4
origintp,2
osha,1
otmemes,1
pacificrim,3
patriots,1
perfectfit,3
perfecttiming,3
personalfinance,6
pettyrevenge,2
photoshopbattles,1
pic,4
pickanandroidforme,11
pics,43
pixar,11
policechases,1
politicaldiscussion,10
politicalhumor,4
politics,161
prematurecelebration,13
prequelmemes,3
prius,14
progresspics,6
promos,1
publicfreakout,1
purplecoco,2
pussypassdenied,18
quityourbullshit,1
radiustp,1
reactiongifs,1
roadcam,36
roastme,1
roku,5
sandersforpresident,1
screenshots,22
space,5
spiderman,1
stardewvalley,1
starterpacks,1
starwars,44
stlouisbeer,1
subredditdrama,1
surpriseappearances,3
sweatypalms,5
tagpro,170
tagproirl,11
talesfromthefrontdesk,1
technology,2
television,1
the_donald,1
the_meltdown,1
the_mueller,2
therewasanattempt,2
thetick,2
thewalkingdead,14
tifu,2
tinder,2
todayilearned,9
tooafraidtoask,1
toyota,2
trollxchromosomes,1
trumpgret,2
umd,4
unbgbbiivchidctiicbg,3
unexpected,2
unitedstatesofamerica,1
upliftingnews,1
uspolitics,3
video,1
videos,36
vudu,1
wallpapers,1
welistentoyou,4
wellthatsucks,1
whatcouldgowrong,3
whitepeopletwitter,2
woahdude,4
worldnews,3
wtf,8
wtsstadamit,2
youshouldknow,2
